video_id,description
0JqDE16IfUQ_000000_000010,"<|start_header_id|>assistant<|end_header_id|>

The image depicts a person and a child in a room with a treadmill.

In the first frame, <|start_header_id|>assistant<|end_header_id|>

The provided video segment is divided into eight frames, with the first two frames displayed here.

**Frame <|start_header_id|>assistant<|end_header_id|>

The image shows a person in a gym setting, with a large window in the background and a treadmill <|start_header_id|>assistant<|end_header_id|>

The image shows a person and a child interacting in a room. The scene is divided into two consecutive <|start_header_id|>assistant<|end_header_id|>

The image shows a person and a child in a room. The person is wearing a yellow shirt and <|start_header_id|>assistant<|end_header_id|>

The image depicts a person, identified as ""person 1,"" standing in front of a large piece <|start_header_id|>assistant<|end_header_id|>

The provided images/frames depict a scene of two individuals, person 1 and person 2, <|start_header_id|>assistant<|end_header_id|>

The image shows a person standing next to a child in a room with a window and a treadmill.
<|start_header_id|>assistant<|end_header_id|>

The image shows a person and a young girl in a room with a treadmill. The first frame is <|start_header_id|>assistant<|end_header_id|>

The first image shows a toddler girl in a yellow tank top and black shorts, standing in front of <|start_header_id|>assistant<|end_header_id|>

This image depicts a heartwarming scene of a father and daughter engaging in a fun and healthy activity <|start_header_id|>assistant<|end_header_id|>

The image depicts a heartwarming scene of a young girl and an adult, likely a parent or <|start_header_id|>assistant<|end_header_id|>

The image shows a scene of a young girl and a person walking on a treadmill in a room with <|start_header_id|>assistant<|end_header_id|>

The image shows a young girl and an adult standing next to a treadmill in a gym.

The adult <|start_header_id|>assistant<|end_header_id|>

The image shows a person standing in front of a treadmill, with a child standing next to them. <|start_header_id|>assistant<|end_header_id|>

The image shows a person and a child standing in front of a treadmill.

In the first frame,
<|start_header_id|>assistant<|end_header_id|>

The image shows a toddler standing on a treadmill while holding an adult's hand. The adult's hand <|start_header_id|>assistant<|end_header_id|>

The image shows a toddler girl standing on a treadmill next to an adult. The image is divided into <|start_header_id|>assistant<|end_header_id|>

The image shows a person walking on a treadmill while holding a child's hand. The person is wearing <|start_header_id|>assistant<|end_header_id|>

The image shows a person and a child standing on a treadmill.

In the first frame, person <|start_header_id|>assistant<|end_header_id|>

The image shows a person standing on a treadmill with a toddler walking alongside them. The person is wearing <|start_header_id|>assistant<|end_header_id|>

The image depicts a toddler and an adult standing on a treadmill. The adult, denoted as person <|start_header_id|>assistant<|end_header_id|>

The image shows a person and a child on a treadmill. The child is standing on the treadmill, <|start_header_id|>assistant<|end_header_id|>

The image shows a person and a child in a room with a treadmill. The image is divided into
<|start_header_id|>assistant<|end_header_id|>

The image shows a young child on a treadmill. The child is a toddler, wearing a yellow tank <|start_header_id|>assistant<|end_header_id|>

The image depicts a young girl standing on a treadmill in a room with a large window, while a <|start_header_id|>assistant<|end_header_id|>

The image shows a toddler standing on a treadmill, with a large green object behind them. The toddler <|start_header_id|>assistant<|end_header_id|>

The image depicts a young girl, labeled ""person 1,"" standing on a treadmill in a room <|start_header_id|>assistant<|end_header_id|>

The image depicts a young child, enclosed in a white box labeled ""person 1,"" standing on <|start_header_id|>assistant<|end_header_id|>

This image appears to be a video segment of a toddler standing on a treadmill with an adult beside them <|start_header_id|>assistant<|end_header_id|>

The image depicts a young child standing on a treadmill, with a large green object in the background. <|start_header_id|>assistant<|end_header_id|>

The image depicts a scene of a toddler standing on a treadmill, with the person marked by the number
<|start_header_id|>assistant<|end_header_id|>

The image shows a person and a child standing near a treadmill. The image is divided into two segments <|start_header_id|>assistant<|end_header_id|>

The image depicts a child and a woman in a home gym setting. The child, labeled as "" <|start_header_id|>assistant<|end_header_id|>

The image shows a child and an adult standing next to a treadmill. The first frame, labeled "" <|start_header_id|>assistant<|end_header_id|>

The image shows a child and an adult standing next to a treadmill. The child is wearing a yellow <|start_header_id|>assistant<|end_header_id|>

The image shows a person standing next to a child on a treadmill. The person is wearing a yellow <|start_header_id|>assistant<|end_header_id|>

In the first frame, a person stands on a treadmill, facing away from the camera. They are <|start_header_id|>assistant<|end_header_id|>

The image depicts a scene of a child and an adult engaging in physical activity on a treadmill. The <|start_header_id|>assistant<|end_header_id|>

The image shows a person on a treadmill with a child standing next to them. The image is divided
<|start_header_id|>assistant<|end_header_id|>

The image depicts a scene where a person and a child are engaged in physical activity on a treadmill. <|start_header_id|>assistant<|end_header_id|>

The image shows a person walking on a treadmill with a child, possibly a parent or guardian, guiding <|start_header_id|>assistant<|end_header_id|>

The image shows a person and a child on a treadmill. The child is wearing a yellow tank top <|start_header_id|>assistant<|end_header_id|>

The image shows a person and a toddler on a treadmill. The image is divided into two consecutive frames <|start_header_id|>assistant<|end_header_id|>

The first frame depicts a person wearing a yellow tank top and dark shorts, with their back turned to <|start_header_id|>assistant<|end_header_id|>

The image shows a person and a child on a treadmill, with the person and child enclosed in boxes <|start_header_id|>assistant<|end_header_id|>

The image shows a person and a child on a treadmill. The first frame shows the child standing on <|start_header_id|>assistant<|end_header_id|>

The image shows a person and a child on a treadmill. The person, labeled as ""person
<|start_header_id|>assistant<|end_header_id|>

The image shows a person and a toddler on a treadmill, with the person highlighted in green and the <|start_header_id|>assistant<|end_header_id|>

The image depicts a heartwarming moment between a parent and child, likely a father and daughter, <|start_header_id|>assistant<|end_header_id|>

The image depicts a person and a child on a treadmill. The child, person 1, is <|start_header_id|>assistant<|end_header_id|>

The image depicts a person and a child on a treadmill, with the person and child enclosed in a <|start_header_id|>assistant<|end_header_id|>

The image shows a child and an adult on a treadmill, with the child and adult enclosed in a <|start_header_id|>assistant<|end_header_id|>

The image shows a person and a child on a treadmill.

The image is divided into two segments, <|start_header_id|>assistant<|end_header_id|>

The image shows a person standing on a treadmill with a child, likely at a gym or fitness center <|start_header_id|>assistant<|end_header_id|>

The image shows a scene of a young child and an adult on a treadmill. The first frame is
<|start_header_id|>assistant<|end_header_id|>

The image shows a person walking on a treadmill with a child, with the person and child moving in <|start_header_id|>assistant<|end_header_id|>

The image depicts a scene where a person is guiding a young child on a treadmill. The scene is <|start_header_id|>assistant<|end_header_id|>

The image depicts a person on a treadmill, with a child standing beside them.

In the first frame <|start_header_id|>assistant<|end_header_id|>

In the first frame, person 2 is wearing a long-sleeved shirt and pants and is <|start_header_id|>assistant<|end_header_id|>

The image shows a person walking on a treadmill while holding hands with a child. The person is wearing <|start_header_id|>assistant<|end_header_id|>

The image shows a person and a child on a treadmill.

In the first image, a person is <|start_header_id|>assistant<|end_header_id|>

The image shows a person and a child standing on a treadmill, with the person's hand reaching out <|start_header_id|>assistant<|end_header_id|>

The image depicts a scene of a person walking on a treadmill while holding the hand of a child."
